label,rmsAW_u,rmsAW_g,rmsAW_r,rmsAW_i,rmsTHELI_u,rmsExpo_u,rmsTHELI_g,rmsExpo_g,rmsTHELI_r,rmsExpo_r,rmsTHELI_i,rmsExpo_i,FileSeeing_u,seeing_e_u,FileSeeing_g,seeing_e_g,FileSeeing_r,seeing_e_r,FileSeeing_i,seeing_e_i,MeasSeeing_u,MeasBeta_u,MeasSeeing_g,MeasBeta_g,MeasSeeing_r,MeasBeta_r,MeasSeeing_i,MeasBeta_i,InputSeeing_u,InputBeta_u,InputSeeing_g,InputBeta_g,InputSeeing_r,InputBeta_r,InputSeeing_i,InputBeta_i,HeaderSeeing_Z,MeasSeeing_Z,rms_Z,HeaderSeeing_Y,MeasSeeing_Y,rms_Y,HeaderSeeing_J,MeasSeeing_J,rms_J,HeaderSeeing_H,MeasSeeing_H,rms_H,HeaderSeeing_Ks,MeasSeeing_Ks,rms_Ks,MeasBeta_Z,MeasBeta_Y,MeasBeta_J,MeasBeta_H,MeasBeta_Ks,InputSeeing_Z,InputBeta_Z,InputSeeing_Y,InputBeta_Y,InputSeeing_J,InputBeta_J,InputSeeing_H,InputBeta_H,InputSeeing_Ks,InputBeta_Ks,rmsExpo_Z,rmsExpo_Y,rmsExpo_J,rmsExpo_H,rmsExpo_Ks,seeing_e_r_expo0,seeing_e_r_expo1,seeing_e_r_expo2,seeing_e_r_expo3,seeing_e_r_expo4
133.0_-1.5,4.925874329034339,2.4541637706391164,2.5570539069702254,8.411945765060704,5.639633519311412,11.279267038622825,2.8097721010047234,6.282841419128967,2.92757101809021,6.546247805407977,9.630836706417996,21.535205555750828,0.95,0.043,0.909,0.039,0.634,0.045,0.639,0.049,0.8770546000000001,2.196552,0.8410470000000001,2.185725,0.6037140000000001,2.508661,0.597318,2.532304,0.8581092000000001,2.132562871283733,0.8220940000000002,2.121907696201441,0.5714279999999999,2.240958138661334,0.5646359999999999,2.261676499737945,0.8678824511537363,0.8810959851344534,20.33960751028216,0.8370011153239372,0.8515418768863979,41.882818990144564,0.7954371929674573,0.8356346857812006,45.3912091386289,0.8903845844433564,0.9300396978891556,90.3062856787686,0.8301659017052233,0.8956406223127735,116.70915538521223,3.1575984595598565,3.3224030549786034,3.429090348123496,2.95644874152975,3.089692860569856,0.8373919702689067,2.9191261511150874,0.8088837537727959,3.0543722882860616,0.7906693715624011,3.1347042601741526,0.8876793957783112,2.7540174478178407,0.8528812446255469,2.860363778432535,20.33960751028216,41.882818990144564,45.3912091386289,90.3062856787686,116.70915538521223,0.027819108361852862,0.02020943089808436,0.02997021287381452,0.029482304457979506,0.019922019974967342
134.0_-0.5,4.858348977488523,2.0321883662124995,2.518738642503734,10.342407579439426,5.5623237443266085,11.124647488653217,2.32665246047669,5.202553061643021,2.883703871802524,6.448157884329783,11.841022437700195,26.477331093797908,1.071,0.048,0.81,0.058,0.94,0.037000000000000005,0.614,0.05,0.994152,2.412568,0.7446204000000001,2.081734,0.8840802000000001,2.233756,0.6181626000000001,3.5183160000000004,0.9803040000000001,2.3871817392405226,0.7212408000000001,1.983258277641648,0.8661604000000002,2.1637002866680883,0.5923252000000001,3.1210290867307844,0.8602392451227359,0.8776052697368143,17.959558817318875,0.8209903977851641,0.8384087636294111,37.500691846724614,0.8233271993490889,0.8821666427111532,37.76890565501475,1.0572626743372444,1.157504179283739,71.6299872422202,0.8771278559049764,0.9992771116461244,81.58246301276105,3.1750877945479106,3.409448547675371,3.152330481369905,2.5756139805707376,2.7725519836245143,0.8338105394736285,2.9317330343462618,0.792817527258822,3.1016952682416625,0.8395332854223062,2.905139012538281,1.121608358567478,2.4580405666997827,0.9581542232922488,2.6035635705836064,17.959558817318875,37.500691846724614,37.76890565501475,71.6299872422202,81.58246301276105,0.013208430754126477,0.011413238779203971,0.023664436498468718,0.012603504156037726,0.012253061495906548
133.0_1.5,5.313721761210682,2.2778263336880737,2.570852570489981,6.0445909977459475,6.083680044410107,12.167360088820214,2.6078833694394747,5.831404491457863,2.9433691079539783,6.581573408258013,6.920452233319333,15.474601628742265,0.8490000000000001,0.037000000000000005,0.916,0.043,0.657,0.044,0.89,0.043,0.7798384,2.022026,0.8713900000000001,2.300473,0.6248241999999999,2.51025,0.8354316000000002,2.549873,0.7576768,1.9402487874856704,0.8527800000000001,2.226526494726314,0.5956483999999999,2.2774913604283284,0.8188632000000003,2.457036875024317,0.9518155994588132,0.9620374956087492,18.008109763257178,0.9337798068803238,0.9392914455357988,37.0042557631834,0.8831509157099725,0.9067099369314352,45.21554987853418,1.011113791987828,1.0399162661666694,96.8171173350082,0.9501059758757902,1.0112316196892015,108.04195313762756,2.8599153039881537,2.926148911723613,3.0429329909770537,2.700191506887509,2.749084954266146,0.9210749912174984,2.6691857778464403,0.8959828910715975,2.7275050569636496,0.8648198738628703,2.821925330126838,1.0020325323333388,2.555700240380454,0.971863239378403,2.5872629741376016,18.008109763257178,37.0042557631834,45.21554987853418,96.8171173350082,108.04195313762756,0.029665694176316263,0.0358921462024534,0.03263740439085039,0.029941200871533732,0.02489185539773864
135.0_-0.5,5.210000183973542,2.121101593351664,2.2109422567058807,11.61020319739877,5.964929210631306,11.929858421262612,2.4284492142283196,5.430177522920473,2.531307789702562,5.660176289749671,13.292521640701844,29.72298198099637,1.125,0.032,0.774,0.044,0.659,0.05,1.051,0.042,1.0445078,2.410592,0.7165060000000001,2.226634,0.6280821999999999,2.741803,0.9919396,2.52681,1.0300155999999998,2.361747060190861,0.6930120000000001,2.105545314417504,0.6001643999999998,2.4845377841648952,0.9758792,2.45941741876749,0.8714075635289386,0.8924588257286448,14.694955982882032,0.8640772377054208,0.8737493801445769,33.05176909480344,0.8880402252343382,0.9089629534041416,37.69079241223678,0.9918791727720974,1.0089640894281102,72.63015134256601,0.9647379847854816,0.9843413518317814,84.67639289107048,3.1038936807826567,3.1949798580364703,3.0338947444450204,2.7533852933449148,2.8048132326541637,0.8499176514572895,2.8767370329504147,0.8294987602891537,2.9459498988987733,0.8659259068082832,2.8082276039195198,0.9707281788562204,2.59450006713456,0.9452827036635628,2.624295534030059,14.694955982882032,33.05176909480344,37.69079241223678,72.63015134256601,84.67639289107048,0.05533471936628687,0.04520717037596933,0.06009445413682146,0.045025359163713315,0.05141048481555044
136.0_-1.5,4.954431809294068,2.3853651244148835,3.1674117497522785,13.282988967370624,5.672328978460777,11.344657956921553,2.731004530942599,6.10671177804758,3.6263697122913823,8.108809188229886,15.207694068742626,34.005437718728864,1.031,0.038,1.047,0.046,0.642,0.046,1.04,0.044,0.9552956,2.2324740000000003,0.9779101999999998,2.465274,0.614649,2.556613,0.994814,2.469793,0.9385912,2.177315344603381,0.9638204,2.4033260278627253,0.5852979999999999,2.298518861442592,0.981628,2.4169484560734857,0.8869418224127203,0.89979289460915,18.68105477435344,0.8405985002658403,0.8555249665770094,42.550852958563425,0.7786101843861852,0.8290860146944182,47.12502233291782,0.7091244312714396,0.7907934319660886,102.23108552703863,0.6667849630831897,0.7255957086444473,99.27361278987114,3.0716815384384133,3.2978207054004947,3.477328550301116,3.8216543244365315,4.7830919843095865,0.8577857892183,2.845445621519419,0.8100499331540187,3.03462958065899,0.7843720293888364,3.1799945428175618,0.7451868639321773,3.4627898428066035,0.6793914172888946,4.0,18.68105477435344,42.550852958563425,47.12502233291782,102.23108552703863,99.27361278987114,0.04055779276720151,0.040362688889685416,0.023822015371720132,0.07710461858539898,0.05659187739709804
136.0_1.5,5.107814117637413,2.2781232102774456,2.0839348596066563,11.585148234778936,5.847936383283073,11.695872766566145,2.6082232634466465,5.8321645175630445,2.38589702076366,5.335027925741771,13.2638362139984,29.658839416923872,1.164,0.045,0.73,0.045,0.8059999999999999,0.042,0.7859999999999999,0.046,1.069293,2.247389,0.6780774000000002,2.179821,0.7599784,2.290175,0.73611,2.600402,1.054586,2.2026344257973665,0.6521548000000003,2.039406837400522,0.7389568000000001,2.1858148383320275,0.7142200000000001,2.4731169878699695,0.8263913913779636,0.8557386438818911,18.614609275755946,0.8136458254871559,0.8330402768371189,37.562758862046216,0.8323612106234731,0.8798926524699703,47.426259904919775,0.8281699388180024,0.9544995889177512,117.2550103056262,0.8270574723264943,0.9430537162821612,113.7525659788238,3.296524543047158,3.4478810566866325,3.1635728083762684,2.8806494958700846,2.914412293815976,0.8104772877637823,3.03102622843849,0.7888805536742377,3.1565198233062617,0.8383853049399405,2.9082789255176142,0.9127991778355024,2.687284079054036,0.9001074325643224,2.7198161574526334,18.614609275755946,37.562758862046216,47.426259904919775,117.2550103056262,113.7525659788238,0.02388170576476001,0.01769824479623483,0.015958660324178475,0.028338172949808338,0.011362821276622248
133.0_0.5,5.331407890239972,2.4110215029011317,2.405729897598726,9.934135604890137,6.103928893535743,12.207857787071486,2.7603785186715046,6.172394011379657,2.7543201597607805,6.158847109023188,11.373591854038715,25.432124533968434,1.055,0.032,0.802,0.048,0.515,0.05,0.8740000000000001,0.04,0.9809286,2.3271,0.740644,1.886532,0.5092784,3.092682,0.8259411999999999,2.549803,0.9658572,2.291804179340806,0.7172879999999999,1.7986031133379607,0.4675568000000001,2.437850596664851,0.8078823999999999,2.4625206846639096,0.8482101401498933,0.8667328481479329,18.703884636799028,0.8519956370885071,0.8656990989201824,37.585909423902024,0.8930252298459187,0.9377822748728656,41.76538895439333,1.0125925714448196,1.059070956704895,81.78656163570804,0.9366315874840492,0.9995689607014182,98.19216794287493,3.2327910248337166,3.2385444406050437,2.9309498474273004,2.672561024752962,2.771955122830184,0.8222656962958658,2.984244480651709,0.8235981978403647,2.989395260402798,0.8963645497457311,2.7317396635817603,1.01994191340979,2.523371640000581,0.9587379214028364,2.609874559331256,18.703884636799028,37.585909423902024,41.76538895439333,81.78656163570804,98.19216794287493,0.045720410091501074,0.035104674483425136,0.039558140871266745,0.038803342754582186,0.053092996983005736
134.0_0.5,5.518837033807089,2.456257882095805,2.3753542161599657,10.09438351697924,6.318516520005734,12.637033040011469,2.8121696492114863,6.288202499898621,2.719543042081544,6.081083109830903,11.557059688589527,25.84237108370873,1.165,0.034,0.635,0.046,0.799,0.049,0.8320000000000001,0.047,1.0871728,2.500628,0.6020302000000001,2.358043,0.7569317999999999,2.516947,0.7954624000000001,2.444646,1.0723456,2.462928082526493,0.5700604000000001,2.11796907503216,0.7358635999999998,2.400720366686104,0.7769248000000002,2.348500295851967,0.8665762163118211,0.8931399456127941,18.610232255077978,0.8139912172658077,0.8335621713411132,39.24078713384896,0.8625608725226321,0.9011834889832436,42.91792424726965,0.9200752129172276,0.9450018466030962,83.80799214482819,0.8730457996989531,0.9349955177645564,100.95036075055738,3.1008240289973346,3.4440678638906297,3.0657780084609074,2.908462443640245,2.939958124433628,0.8512798912255881,2.855331993143236,0.7899243426822263,3.154618218487687,0.8571669779664872,2.8382244556625005,0.9040036932061924,2.7124580963141707,0.8941910355291126,2.7369458847786365,18.610232255077978,39.24078713384896,42.91792424726965,83.80799214482819,100.95036075055738,0.045359854200967664,0.09480489741908504,0.038877963755850516,0.041900618708200166,0.04040709378628416
136.0_-0.5,5.524068120287721,2.705858826310948,2.435128889388145,4.2363893881901316,6.3245055909174095,12.649011181834819,3.0979377702434028,6.927199444328374,2.7879790654604863,6.234110710215982,4.850242210538879,10.845471290103784,1.119,0.029,0.789,0.048,0.725,0.045,0.986,0.045,1.0388268,2.267608,0.725967,2.311408,0.6792492000000001,2.272876,0.9211138,2.430486,1.0236536,2.22860547302154,0.7019340000000001,2.1892533846734805,0.6544984000000001,2.1290819538192647,0.9042275999999998,2.3540959609240595,1.0804219601165868,1.0832607269947971,17.40135499116166,0.8143712649654177,0.8320161682090828,41.30994861237554,0.8368002778991124,0.8837222867514094,41.44924632036713,0.8235177913344736,0.8741168096764187,72.27380922237559,0.7678805250816552,0.8316153415079088,75.71116360992303,2.6424728743475168,3.4554128844340517,3.14475526325408,3.193057839358373,3.458378650478363,1.0445214539895942,2.5017265214569124,0.7868323364181654,3.161551570288748,0.8392445735028188,2.905104495682622,0.8302336193528372,2.950549503590416,0.7860306830158176,3.1565716460126514,17.40135499116166,41.30994861237554,41.44924632036713,72.27380922237559,75.71116360992303,0.04251316879690825,0.04550245791845131,0.04250631567964491,,
136.0_0.5,5.336027090398755,2.077405126793234,2.1306461814783804,6.518423099405334,6.1092174157975325,12.218434831595065,2.3784211296655724,5.3183113250540615,2.4393768131745968,5.454612376995203,7.462942606509165,16.68764698033396,0.92,0.036000000000000004,0.972,0.046,0.667,0.044,0.816,0.068,0.8518138000000001,2.168339,0.8896820000000001,2.052519,0.6372901999999999,2.470308,0.7547470000000001,3.072687,0.8326276000000001,2.0941305765745093,0.8733639999999999,2.008051985079337,0.6085803999999998,2.260877270655248,0.7354940000000001,2.908117209623188,0.9425179540844396,0.9556646567114552,20.05974517867612,0.7745401824508013,0.8153849674723214,35.93157857873828,0.7674060829462993,0.8137095402254814,41.57281062804263,0.7671353184518107,0.8314035847573567,100.7112706598467,0.7490109296889615,0.8044595437755843,96.09056599079115,2.8773695841346223,3.5874470974224866,3.60183306377424,3.4599495475031072,3.68518956326316,0.9151293134229104,2.680090089084984,0.7705699349446428,3.266388711915172,0.7706190804509626,3.27441828764062,0.7873071695147132,3.161925297711868,0.7589190875511684,3.3370037480998977,20.05974517867612,35.93157857873828,41.57281062804263,100.7112706598467,96.09056599079115,0.02156166789264069,0.05306497759643858,0.02359082702887294,0.02322922512235248,0.024794390601738714
137.0_1.5,5.378898217782211,2.388563434370257,2.3454959434937974,9.77321964909842,6.158300569538852,12.316601139077704,2.7346662760105063,6.114899688935696,2.6853583057060475,6.004643715502382,11.189359176252776,25.02016774276226,0.812,0.037000000000000005,0.979,0.063,0.595,0.044,0.7759999999999999,0.056,0.7532498000000001,2.058818,0.887969,1.929006,0.575102,2.999507,0.7353812,2.615359,0.7304996000000001,1.961333436374045,0.8699379999999999,1.8711976950224998,0.543204,2.59735720983298,0.7147623999999999,2.487967654895828,0.8264955562758192,0.8585073062037923,18.881162301677715,0.8277413093052642,0.8435624753365695,37.68152770421458,0.7946686459069445,0.8350214129865369,46.30019116265548,0.7952898379685933,0.9074558603219796,110.01185174421276,0.8325104839557321,0.966871146803186,112.88868694830977,3.279933249967577,3.374150559087549,3.433494996834268,3.0399233027102697,2.8472072918864737,0.8160146124075847,3.019522659021089,0.7997249506731391,3.0847321485932024,0.7928428259730737,3.1458751009097337,0.866311720643959,2.8189403454892927,0.927342293606372,2.666262221824963,18.881162301677715,37.68152770421458,46.30019116265548,110.01185174421276,112.88868694830977,0.03518825561287153,0.029446563288595736,0.03345284128911441,0.023888627430142195,0.025145106536435532
134.0_-1.5,5.247940863023729,2.3392419435151006,2.26757833415909,9.917063882588753,6.0083674940758645,12.016734988151727,2.678198101130438,5.988633011338518,2.5961504347787407,5.805168851980902,11.354046439175859,25.388419657686647,1.223,0.035,0.763,0.039,0.748,0.059,1.012,0.049,1.1458964,2.61751,0.7069968000000001,2.051801,0.6984982000000001,2.561423,0.9489943999999999,2.732332,1.1317928000000002,2.565198009161964,0.6819936000000001,1.9390293326085961,0.6749964000000002,2.3974290847525017,0.9339887999999996,2.669220692240777,0.8491606447040071,0.8756264306546541,20.707752278045,0.7891978589155911,0.8170271085534748,42.49255456737478,0.7840072496042568,0.8249829526945582,45.720761904184506,0.9060503523494368,0.93878833727752,91.4358418249978,0.8455548029862916,0.9359571849861138,107.84147672305654,3.1852199637039287,3.5735496975332435,3.5089530850556314,2.927743400094722,2.9368283281097005,0.833252861309308,2.9361239206473253,0.7738542171069497,3.2653443061302263,0.7795659053891164,3.2040427940561096,0.8983766745550399,2.7344067398422727,0.8927143699722275,2.7378467188112605,20.707752278045,42.49255456737478,45.720761904184506,91.4358418249978,107.84147672305654,0.07767757738363222,0.05138092851069365,0.054658588351138016,0.04661736714368858,0.06808751231280262
135.0_-1.5,5.162194970050618,2.362435572832601,2.646787752892404,5.170504825020476,5.9101970212109505,11.820394042421901,2.704752487336044,6.0480104239950325,3.030307298286512,6.775973111682372,5.919710974165941,13.236876145386546,0.693,0.046,0.647,0.044,0.642,0.052000000000000005,0.6659999999999999,0.047,0.6378328000000001,1.882704,0.6054695999999999,2.271371,0.6110888000000001,2.492531,0.6420378000000001,3.000362,0.6056656000000001,1.7446382208008349,0.5729391999999999,2.043781245632569,0.5811776000000002,2.243340223895664,0.6160756000000002,2.735847587105828,0.8208089998238302,0.8678084233807087,18.775557989063522,0.7812377700812649,0.8175674329706345,39.08884929898071,0.7695830693534085,0.8081749645070001,40.72650364891436,0.9171252471916412,0.9578200598108086,89.50794643848154,0.950603570816452,0.9746801342430348,80.259512287162,3.2268555524810734,3.569020246933517,3.6508874420060073,2.871374997228932,2.827595843453635,0.8244168467614174,2.969890110964404,0.7715348659412691,3.2520176059637924,0.7629499290140003,3.340061692534377,0.9160401196216172,2.683150428265762,0.9327602684860694,2.6532237216980876,18.775557989063522,39.08884929898071,40.72650364891436,89.50794643848154,80.259512287162,0.04169486793328736,0.048669935913998486,0.027634308801401053,0.040496692351068564,0.06393780539596305
133.0_-0.5,5.710349197668776,2.0411509208554115,2.2221588831862022,8.716873660419399,6.5377787964109775,13.075557592821955,2.3369136892873597,5.225497866796358,2.5441497053598816,5.6888916861207575,9.979948653814166,22.315843601885987,0.972,0.044,0.597,0.051,0.718,0.042,0.652,0.046,0.8761274000000001,1.818929,0.5624334,2.473657,0.6838398,2.43988,0.627618,2.714465,0.8562548000000001,1.7737225936237475,0.5268667999999999,2.147027035771119,0.6596795999999999,2.2875078260620065,0.599236,2.450605953046934,0.824495965786404,0.8478395033872819,17.933448543548693,0.8082169972925872,0.8375664928291038,37.078368737605096,0.7813457135628041,0.8505442046678703,35.362480240676845,1.0483814358736132,1.136982306639121,68.60665508770239,0.870575573556433,0.9708299314162137,78.07824122708566,3.3459881074378086,3.415363779644353,3.328687632278449,2.590909906989534,2.8371266722514603,0.8048790067745636,3.0627164172238666,0.7945329856582075,3.1366075850045574,0.8068884093357406,3.050642024805122,1.1009646132782418,2.470219123962934,0.9318598628324272,2.6584896890102296,17.933448543548693,37.078368737605096,35.362480240676845,68.60665508770239,78.07824122708566,0.040199014497612096,0.023336770724333492,0.02042903967925569,0.05550685950581069,0.02066021996689971
134.0_1.5,5.615120133166739,2.523260728375797,2.484383582829924,8.12962713388387,6.428751040462598,12.857502080925196,2.888881207917449,6.45973475982512,2.844370763981978,6.360206381476716,9.30761010558364,20.81244890414901,0.852,0.035,1.187,0.047,0.84,0.045,0.725,0.044,0.783417,2.055556,1.0886836000000002,2.268842,0.7902326,2.173542,0.6928340000000001,2.388805,0.760834,1.9632252524304343,1.0733672000000003,2.227265730791734,0.7704651999999999,2.084104460370418,0.669668,2.2398370197072763,0.9291109310133278,0.93619896292682,18.690877061822626,0.8739549085736635,0.8808170355177876,37.73102656803631,0.8732533895909192,0.8977315666612145,45.47178587923227,0.9508410672234818,0.9838051758579732,93.82061987792402,0.9158927321375164,0.9959081217606152,110.4161680993293,2.93604497557603,3.158978329931456,3.0805503983848914,2.8060365941068257,2.779532181003846,0.89489792585364,2.74022947348596,0.836834071035575,2.91824500976244,0.8536631333224288,2.8465274253444397,0.9442103517159464,2.641447363721824,0.9548162435212304,2.610091108319674,18.690877061822626,37.73102656803631,45.47178587923227,93.82061987792402,110.4161680993293,0.029601008489611887,0.02805764766807473,0.031335271912926954,0.01664606545365288,0.02253249473972385
137.0_0.5,5.44266180358919,2.489646757431084,2.5202413153317798,10.301089867020783,6.231303498929262,12.462606997858524,2.850396572582848,6.3736804991276585,2.885424281923353,6.452004838309136,11.79371778875209,26.37155468309818,1.252,0.032,0.963,0.046,0.679,0.045,1.077,0.039,1.1651761999999999,2.47234,0.8750308000000001,2.007268,0.6489688,2.582567,1.0155026,2.361758,1.1543523999999998,2.4357933947230013,0.8560616000000002,1.959883970054093,0.6219376,2.375627120798925,1.0010052,2.3112709215391107,0.907338165660771,0.9556831851814654,19.9010410460596,0.7944652997609447,0.8182297348924127,36.68103425367772,0.7914108244286341,0.8305432676008152,39.48698917014296,0.7833624574043803,0.8446868026321344,98.88173900109415,0.7810856594139818,0.8669075542452247,104.70742120873727,2.877317648579348,3.5634972387231807,3.466360901172762,3.3666499738445443,3.2318234179163348,0.9151663703629308,2.6829851494782933,0.7728594697848253,3.2612434812744415,0.7872865352016304,3.161358339738919,0.8019736052642688,3.0932957499350247,0.8226151084904493,2.972301783792072,19.9010410460596,36.68103425367772,39.48698917014296,98.88173900109415,104.70742120873727,0.036281085476499664,0.0326835862986814,0.03088384423537038,0.03608714421417159,0.029419536675229674
137.0_-0.5,4.851398274801382,1.9273034389439752,2.8316202703197653,7.831149879431889,5.5543658848201005,11.1087317696402,2.206569707246957,4.934039862496006,3.241922047489098,7.249158075940925,8.965883496961569,20.048324977549594,1.006,0.03,1.02,0.046,0.643,0.042,0.794,0.043,0.9326092,2.324969,0.9308788,1.951492,0.6183878,2.9715,0.7555071999999999,2.613961,0.9172184,2.277462165500358,0.9117576,1.8980773801796849,0.5907756000000001,2.667311922922521,0.7350143999999998,2.4821955744315782,1.0860642523565092,1.098719146109602,18.24000229058468,0.8474364088567404,0.8921955021747279,41.654871483245465,0.8322708499357164,0.8737076715645221,43.58997479240809,0.8431550792135958,0.8953405854937501,83.0200267807942,0.7853678261458459,0.8451103390282062,86.21162238709398,2.6256803878401973,3.105084803500446,3.1951983920274856,3.0910169830858867,3.3638426549681526,1.0618382922192042,2.4960604403896585,0.8493910043494557,2.8715267171952794,0.8294153431290441,2.9392319296394143,0.8522811709875001,2.8655459088326687,0.7994206780564123,3.084374980081241,18.24000229058468,41.654871483245465,43.58997479240809,83.0200267807942,86.21162238709398,0.03218845569012185,0.02874519048693058,0.02385769140785221,0.021658056691722827,0.02477248378890029
137.0_-1.5,4.929397374774325,2.2588189940549803,2.3604435093945657,9.502207637917973,5.643667054379122,11.287334108758245,2.586121866293546,5.782744291130991,2.7024717739058373,6.0429105937278935,10.879077524652283,24.32635687761265,0.962,0.04,0.613,0.04,0.653,0.049,0.762,0.048,0.8873815999999999,2.289377,0.5841556,2.25445,0.6166121999999999,2.500243,0.7173238000000001,2.825826,0.8707631999999998,2.2331577180065154,0.5503111999999999,2.010976769661456,0.5872243999999999,2.2552185315444264,0.6946475999999999,2.6601573831975402,0.9482189153794351,0.9983535707311728,19.384955649505734,0.8932710819794495,0.8997360811420758,44.0839705421839,0.7834581598660191,0.8240422177125172,49.45506189519637,0.7441329410534577,0.8021026686130075,107.13157292222498,0.7090357908924169,0.7615275102683025,103.10675630223669,2.7744488818596564,3.0719240840935536,3.51636200507048,3.7075441481474734,4.178839824711797,0.9563071414623456,2.599611060579151,0.8576721622841516,2.8601995549645047,0.7810844354250344,3.207870491467774,0.7576053372260149,3.368150979495028,0.7138550205366049,3.8944771823021918,19.384955649505734,44.0839705421839,49.45506189519637,107.13157292222498,103.10675630223669,0.035701681759050086,0.028878759318734293,0.02298301618451948,0.04652298115197273,0.06277209274033048
